name,address,phone
Gardenhaus,"Brisas del Mar 1509, Brisas Del Mar, Fracc, 22566 Tijuana, B.C., Mexico",+52 664 609 3211
Mariscos Costa del Pacifico,"Calle Marlin 1173, Los Delfines San Antonio del Mar, 22560 Playas de Rosarito, B.C., Mexico",+52 664 974 8416
Playa Blanca,"22560 Playa Blanca, Baja California, Mexico",+52 664 631 3331
Salud Animal,"plaza malibu km#22, Escenica Ensenada - Tijuana, 22650 San Antonio del Mar, B.C., Mexico",+52 664 631 2402
Privada Vietri,"Circuito Vietri, Residencial San Marino 2da. Secc, 22567 Tijuana, B.C., Mexico",+52 663 406 0596
Complejo Educativo Forjadores de la Patria,"Carretera Escénica Tijuana-Ensenada, Camino Vecinal Km. 21, 22560 Tijuana, B.C., Mexico",+52 664 609 3400
Terranova Residencial Caseta,"Aztlan, 22705 Playas de Rosarito, B.C., Mexico",+52 661 104 0079
"Llantera ""Socs""","Cuauhtémoc, Colinas de Aragon, 22705 Playas de Rosarito, B.C., Mexico",+52 664 451 9963
Monasterio Monjas Adoratrices,"Texcoco 6632, Aztlan, 22703 Playas de Rosarito, B.C., Mexico",+52 661 613 6277
"MOTOS SERVICIO ""LOS XOCUAS""","Lomas de San Antonio, 22665 Playas de Rosarito, B.C., Mexico",+52 661 283 5193
Secundaria Emiliano Zapata,"Adolfo López Mateos s/n, Adolfo López Mateos 753, Plan Libertador, 22710 Playas de Rosarito, B.C., Mexico",+52 661 612 0010
The brunch Rto 2023,"Calle Miguel Hidalgo y costilla 22706, Plan Libertador, 22706 Playas de Rosarito, B.C., Mexico",+52 661 100 4718
Vivero El Mayorista,"Sonora 114, Plan Libertador, 22710 Playas de Rosarito, B.C., Mexico",+52 661 112 0287
Colegio Católico Don Bosco,"San German 1, Santa Fe II, 22524 Tijuana, B.C., Mexico",+52 664 215 9085
Mariscos el Tiburón,"Calle, Lázaro Cárdenas del Río 4, Plan Libertador, 22710 Playas de Rosarito, B.C., Mexico",+52 664 340 9548
Madeira Residencial,"Av. Loma Blanca 7350, Cuesta Blanca, 22650 Tijuana, B.C., Mexico",+52 664 638 0306
Bonanza Residencial Tijuana,"Carretera Transpeninsular Tijuana-Rosarito, 5, La Cuestecita km. 16, Fraccionamiento Bonanza, San Antonio, 22664 Tijuana, B.C., Mexico",+52 664 636 1730
Residencial Puerta San Pedro,"Privada San Pedro, Cuesta Blanca, 22650 Tijuana, B.C., Mexico",+52 664 638 0020
"RASTRO ""LA CUESTA DE TIJUANA""","Tijuana, 22650 Baja California, Mexico",+52 664 636 1425
Ferreteria las Cumbres,"22706 Amp Ejido Plan Libertador, B.C., Mexico",+52 664 357 0353
Abarrotes el 100,"De las Rosas 37, Ejido Lazaro Cardenas, 22654 La Joya, B.C., Mexico",+52 664 853 4037
Rancho las dos Palmas,"Km 16, Carr. Libre Tijuana-Rosarito, 22654 Tijuana, B.C., Mexico",+52 664 106 2850
Grúas castró,"Av. Derecho Agrario, Ejido Lazaro Cardenas, 22654 La Joya, B.C., Mexico",+52 664 354 4993
Primaria Antonio Maria Melendrez,"Av. Derecho Agrario, Lazaro Cardenas, 22654 La Joya, B.C., Mexico",+52 664 199 5436
Refacciones para lavadoras estufas y refrigeradores,"Liga Barcelona, 22654 Tijuana, B.C., Mexico",+52 661 147 6714
Yonke estrada,"Liga Barcelona - Del Prado, 22654 La Joya, B.C., Mexico",+52 664 327 2272
Angeles del Pacífico fraccionamiento,"Liga Barcelona - Del Prado, 22654 B.C., Mexico",+52 664 307 5568
Telesecundaria 118,"C2G8+H3, 22654 La Joya, Baja California, Mexico",+52 664 887 9397
INFONAVIT,"C. de Los Volcanes 12711-S13, UrbiVilla Del Prado II, 22170 Tijuana, B.C., Mexico",+52 664 287 3129
Prado rides,"Calle Ibérica # 18300 fracc. Paseos Del Prado, 22160 Tijuana, B.C., Mexico",+52 664 234 7904
Veterinaria Tijuana,"1era Seccion #5, Del Granado 5, UrbiVilla Del Prado II, 22170 Tijuana, B.C., Mexico",+52 664 554 0875
Escuela Primaria Centenario de la Revolución,"Av. del Prado s/n, UrbiVilla Del Prado II, 22170 Tijuana, B.C., Mexico",+52 664 552 7684
El Florido Abarrotes y Carnes - Suc Villas del Prado,"C. de los Montes Apalaches 12802, UrbiVilla Del Prado II, Cañon del Sainz, 22170 Tijuana, B.C., Mexico",+52 664 123 4561
Escuela Secundaria General No 27,"Desierto de San Juan S/N, Valle Dorado, 22170 Tijuana, B.C., Mexico",+52 664 915 2411
Eden Albercas Y Cabañas,"Priv. Ajusco, UrbiVilla Del Prado II, 22170 B.C., Mexico",+52 9798058
Ley Villa del Alamo,"Paseo de las Rosas, Av. Garcia y, 22170 B.C., Mexico",+52 664 673 8756
FÚTBOL 7 BC,"División, 22170 San Luis, B.C., Mexico",+52 664 264 2317
yonke la chosa 2024,"Cam. Vecinal Cuero de Venado, Granjas Buenos Aires Secc La Palma, 22160 San Luis, B.C., Mexico",+52 664 125 6435
Escuela Secundaria Tecnica 34,"22170, Ruiseñor SN(MZ11LT7, 22170 San Luis, B.C., Mexico",+52 664 645 2137
Escuela Secundaria General # 30,"C. del Arbusto, Villa Del Alamo, 22170 Tijuana, B.C., Mexico",+52 722 460 2048
Futbol Champions TJ,"Miguel Ángel Cárdenas 1456, 22170 San Luis, B.C., Mexico",+52 664 124 7297
Yonke T-J,"Calle de las sierras madres, UrbiVilla Del Prado II, 2da seccion, 22170 Tijuana, B.C., Mexico",+52 664 599 5671
Asadero Campestre La Marquesa,"Corredor Tijuana - Rosarito 2000 km 22, 22125 Tijuana, B.C., Mexico",+52 663 101 0296
Barbacoa Blvd 2000,"Corredor Tijuana - Rosarito 2000 Km 21.5, Cuero de Venados, 22160 Tijuana, B.C., Mexico",+52 664 774 0310
Escuela Secundaria General No.28,"Hacienda Los Venados, 22163 Tijuana, B.C., Mexico",+52 664 756 0189
Madereria Padilla,"22170 Tijuana, Baja California, Mexico",+52 664 673 2438
Puerta plata,"Condominio Agata, 22163 Tijuana, B.C., Mexico",+52 777 379 0274
Jadebox Packaging LLC,"Ave Alejandro Graham Vell # 19202- 2B, Parque Industrial, Thomas Alva Edison, Río Tijuana 3a. Etapa, 22163 Tijuana, B.C., Mexico",+52 664 615 8502
Trampoline Parks,"Río Tijuana 3a. Etapa, 22163 Tijuana, B.C., Mexico",+52 664 452 0080
Paraíso Azteca,"Carr Libre a Tecate s/n-km 21.5, Río Tijuana 3a. Etapa, 22250 Tijuana, B.C., Mexico",+52 664 388 4350
Markwins International Tijuana MX,"Zona Cerril, Río Tijuana 3a. Etapa, 22330 Tijuana, B.C., Mexico",+52 664 452 0937
RISOR ASSEMBLY MÉXICO,"Av. alejandro graham bell, Thomas Alva Edison 19202-Nave industrial, Río Tijuana 3a. Etapa, 22163 Tijuana, B.C., Mexico",+52 664 808 0717
"Gecko Alliance ""Planta Terra""","Río Tijuana 3a. Etapa, 22260 Tijuana, B.C., Mexico",+52 664 414 9098
CAFFENIO Corredor 2000,"Camino Vecinal #20402, Río Tijuana 3a. Etapa, 22250 Tijuana, B.C., Mexico",+52 800 223 3364
Dialight El Florido,"BC 201, Río Tijuana 3a. Etapa, 22260 Valle Bonito, B.C., Mexico",+52 664 262 2107
Bella Vista,"Carretera Escénica Tijuana-Ensenada Km 19+276, Real Del Mar, 22563 Tijuana, B.C., Mexico",+52 664 904 3073
Urbi Quinta Del Cedro Second Section,"Urbiquinta Del Cedro, Urbiquinta Del Cedro 2da. Seccion, 22564 Tijuana, B.C., Mexico",+52 664 279 9243
Burdeos Residencial Tijuana,"Blvd. Viñas del Mar, 22564 B.C., Mexico",+52 663 407 4852
Urbi,"Boulevard del Rosario s/n, Residencial Santa Fe, 22620 Tijuana, B.C., Mexico",+52 664 633 6700
Siena Residencial,"Siena Residencial, 22667 Tijuana, B.C., Mexico",+52 664 279 0002
Calimax Mall,"Blvd. Sta. Fe 10201, Santa Fe II, Sin Asignación En Nombre de Asentamiento, 22620 Portico de San Antonio, B.C., Mexico",+52 664 974 3456
Mercado Mora Santa Fe,"Blvd. el Rosario 10972, El Rosario, 22665 Portico de San Antonio, B.C., Mexico",+52 664 104 9230
Praderas De La Gloria,"Rincon de la gloria Fraccionamiento Praderas de la gloria, Lote 3, 10143 Tijuana, B.C., Mexico",+52 664 795 3023
Urbi Quinta Versalles,"Urbiquinta, La Gloria, 22664 La Joya, B.C., Mexico",+52 664 878 9521
RESIDENCIAL 333 ELITE - PROVIVE,"Santa Fe 3ra. Seccion. 6097 interior 21 Portico de San Antonio, B.C Portico de San Antonio, Santa Fe 3ra. Seccion, 22664 Tijuana, B.C., Mexico",+52 664 634 2430
San Agustín Residencial,"C. San Javier 9537, La Gloria, 22645 La Joya, B.C., Mexico",+52 664 974 6229
Dinozastre Park Plaza,"Calle Miguel Hidalgo 110A, La Gloria, 22645 La Joya, B.C., Mexico",+52 664 700 3377
Sparta 55,"Carr. Libre Tijuana-Rosarito, La Gloria, 22645 La Joya, B.C., Mexico",+52 664 636 1507
Salon Jardines Del Rey,"Calle Miguel Hidalgo 262, La Gloria, 22645 La Joya, B.C., Mexico",+52 664 156 9094
Gasolinera Tesoro,"C. Padre Hidalgo No. 9330, La Jolla, La Gloria, 22640 Tijuana, B.C., Mexico",+52 664 117 4572
Instituto Bilingüe Elite,"Calle Miguel Hidalgo 70, La Gloria, 22645 Tijuana, B.C., Mexico",+52 664 875 6488
Fraccionamiento Barcelona Residencial,"La Mesa, Priv. Andalucía 15812, Barcelona Residencial, 22510 Tijuana, B.C., Mexico",+52 664 638 0306
"Safran Cabin Aerospace planta 4, Tijuana","Avenida Acapulco #10239, Parque, Industrial Pacifico, 22643 Tijuana, B.C., Mexico",+52 664 626 0555
El Gran barbershop,"El Tecolote Segunda Secc, 22644 Tijuana, Baja California, Mexico",+52 664 817 7570
Granjas,"Calle Miguel Hidalgo S/N, El Tecolote, 22644 Tijuana, B.C., Mexico",+52 664 636 2791
Tatung,"C2MC+88, 22654 La Joya, Baja California, Mexico",+52 663 374 7223
Daycare Villa Gepetto,"Av. los Cabos, 22644 La Joya, B.C., Mexico",+52 664 660 6439
Masonite Tijuana,"Acapulco 9851, Parque Industrial Pacifico IV, 22643 Tijuana, B.C., Mexico",+52 81 8220 8902
Gruas y Arrastres Tijuana,"Av. Las Palomas 270, Amparo Sanchez, 22183 Tijuana, B.C., Mexico",+52 664 977 6703
Terrazas Del Pacifico,"C. San Felipe, Parque Industrial Pacifico II, 22643 Tijuana, B.C., Mexico",+52 664 626 5959
Hacienda Los Laureles,"Hacienda los Laureles, 22170 Tijuana, B.C., Mexico",+52 664 279 0002
Villas del alamo,"Villa Del Alamo, 22170 Tijuana, B.C., Mexico",+52 663 209 1629
Grúas Cajeme,"Av. Roberto de La Madrid 200, Cañón Sainz, 22170 Tijuana, B.C., Mexico",+52 664 689 4121
Villa del Alamo,"22170 Tijuana, Baja California, Mexico",+52 664 155 1815
Cobach Plantel La Presa,"Priv. Presa 2, Colinas de La Presa, 22125 Tijuana, B.C., Mexico",+52 664 670 4865
Secundaria Nueva Creación No.16,"Karina S/N, Terrazas de la Presa, 22680 Tijuana, B.C., Mexico",+52 664 972 6465
Paladio by Frasa,"Privada San Ángel 18001, 22125 Tijuana, B.C., Mexico",+52 664 676 8100
Salón Jardín Sandra’s,"C3W7+VQ, 22125 Tijuana, Baja California, Mexico",+52 664 253 3094
Jardin de Eventos La Encantada,"La Encantada, Lomas de la Presa, 22125 Tijuana, B.C., Mexico",+52 664 364 8569
Celys Gardens events,"Peña del Aguila 11064, Lomas de la Presa, 22125 Tijuana, B.C., Mexico",+52 16643293250
deposito la presa,"Blvd. Gustavo Díaz Ordaz 1167, Presa Rodriguez, 22124 Tijuana, B.C., Mexico",+52 664 588 1542
Quinta La Presa Jardín & Terraza,"Presa Cuauhtémoc y o Benito Juárez 520, Presa Rodriguez, 22124 Tijuana, B.C., Mexico",+52 664 119 6684
Parroquia de Nuestra Señora de Lourdes,"Valentin, Presa Álvaro Obregón y o Avenida V. Gómez Farias 10, Presa Rodriguez, 22124 Tijuana, B.C., Mexico",+52 664 902 3628
Constructora Criollos,"P.º Presa San Miguel, Presa Rodriguez, 10931 Tijuana, B.C., Mexico",+52 664 623 8324
Hyundai Translead Tijuana Plant,"Cam. Vecinal, Parque Industrial El Florido I, 22237 Tijuana, B.C., Mexico",+52 664 645 0130
DISPLAY inzi MEXICO SA DE CV,"Olivos Sur 20002, Fideicomiso el Florido, 22234 Tijuana, B.C., Mexico",+52 664 231 6899
ODU México Manufacturing,"Valle Bonito Industrial Park, 22250 Tijuana, B.C., Mexico",+52 664 617 6800
Lotte Chemical Mexico,"Calzada Paraiso Azteca 11851, Parque Industrial El Florido II, 22244 Tijuana, B.C., Mexico",+52 664 627 4947
Jonathan louis planta 6,"Acceso al 2000 55, El Realito, 22250 Tijuana, B.C., Mexico",+52 664 517 6403
HYUNDAI Translead Floor 2,"Tijuana - Tecate 7979, La Presa, 22244 Tijuana, B.C., Mexico",+52 664 645 0130
Jardín Carrizalejo,"Carretera Escénica Tijuana-Ensenada Kilómetro 17, Granjas Familiares Esperanza, 22557 Tijuana, B.C., Mexico",+52 664 609 3062
Privada Del Mar,"Kilometro 18, #154 Carretera Tijuana-Rosarito Punta Bandera C.P. 22550, 22663 Tijuana, B.C., Mexico",+52 664 420 0429
Farmacia San Benito,"22557 La Esperanza Granjas Familiares, Baja California, Mexico",+52 664 617 8062
Sick Vick And Meño's Boxing Club,"aun costado de la tienda Colin, 22517 Granjas Familiares La Esperanza, B.C., Mexico",+52 664 310 0696
Encanto del mar #14,"Encanto del mar, 22560 B.C., Mexico",+52 664 362 7425
CRREAD A.C. Granjas Familiares La Esperanza,"C. Lira Meraz No. 735, 22557 Granjas Familiares La Esperanza, B.C., Mexico",+52 6886110
Abarrotes lupillo,"22557 La Esperanza Granjas Familiares, Baja California, Mexico",+52 664 182 6429
CFE,"22660 Tijuana, Baja California, Mexico",+52 664 627 8839
VERONA RESIDENCIAL *Privadas Romeo*,"Verona Residencial, Francisco Zarco, SANTA FE, 22667 Tijuana, B.C., Mexico",+52 664 404 9399
San Miguel Residencial,"Sta. Teresita, Santa Fe I, 22667 Portico de San Antonio, B.C., Mexico",+52 664 196 5264
CONSTRUCTORA ELECTRICA KOTKOFF,"Periódico Abc, Av. Francisco Zarco 7826, Francisco Zarco, 22660 La Joya, B.C., Mexico",+52 667 316 5860
Biker Burguer Artesanal,"Blvd. Francisco Zarco, Verona Residencial, 22667 B.C., Mexico",+52 664 188 2675
TurboTec 3,"Valle del Sur 8910, Valle del Sur, 22637 Tijuana, B.C., Mexico",+52 664 462 6664
Valparaíso Casa Club,"Blvd. Francisco Zarco, 22663 Tijuana, B.C., Mexico",+52 278 121 7940
Logroño Residencial,"Av, La Paz No. 8704, Colinas Debaja California, 22643 Tijuana, B.C., Mexico",+52 664 636 6256
Tacos El Kike,"22647, Av. Panamericana 9820, Panamericano, 22647 Tijuana, Baja California, Mexico",+52 664 154 3748
Escuela Secundaria 42,"Av. Panamericana S/N, Panamericano, 22647 Tijuana, B.C., Mexico",+52 664 636 6991
DELEGATION SANCHEZ TABOADA,"Av. Panamericana 9757, Panamericano, 22647 Tijuana, B.C., Mexico",+52 664 636 6912
G-Global - Almacén 3PL - Goliath,"Av. de Todos los Santos, Parque Industrial Pacifico III, 22643 Tijuana, B.C., Mexico",+52 664 376 8973
Eaton Industries Maquila,"Av, Sta. Rosa 9707, Parque Industrial Pacifico II, 22643 Tijuana, B.C., Mexico",+52 664 978 1600
Vantive Tijuana,"C. Pacifico 10014, Parque Industrial Pacifico II, 22643 Tijuana, B.C., Mexico",+52 664 512 4200
Parque Industrial Pacífico,"C. Pacifico #9010-Local 4, Industrial Pacifico, Col. Parque, 22644 Tijuana, B.C., Mexico",+52 664 109 7925
IZZI Tijuana Oficinas Administrativas,"C. Pacifico 8204, Parque Industrial Pacifico II, 22643 Tijuana, B.C., Mexico",+52 663 441 1118
Cerrajería Brandon,"Av. Sánchez Taboada 6, Sanchez Taboada, 22185 Tijuana, B.C., Mexico",+52 664 725 8232
Centro De Salud Reacomodo Sánchez Taboada,"Constructores s/n, Sanchez Taboada, 22680 Tijuana, B.C., Mexico",+52 664 660 0365
Unidad Deportiva Sánchez Taboada,"Vía Láctea, Sánchez Taboada Produtsa, Sanchez Taboada Produtsa, 22185 Tijuana, B.C., Mexico",+52 664 215 9000
Secundaria 82 Josefina Rendon Parra,"Soldadores 56 Reacomodo, Sanchez Taboada, 22185 Tijuana, B.C., Mexico",+52 664 626 5161
Escuela Anáhuac,"Av. México Lindo 37, Colinas de Lamesa, 22126 Tijuana, B.C., Mexico",+52 664 154 7086
Secundaria 11 Abelardo L Rodriguez,"22127, Loma Alta 86, Campos, 22127 Tijuana, B.C., Mexico",+52 664 550 2407
Pollos Sinaloa,"Av. Paseo Reforma 26, Reforma, 22180 Tijuana, B.C., Mexico",+52 664 626 4091
Unidad Deportiva Reforma II,"Reforma, 22183 Tijuana, B.C., Mexico",+52 664 348 9422
MARKET OCTOBER 3,"BOULEVART 3 DE OCTUBRE #10615, COLONIA 3 DE OCTUBRE DELEGACION LA MESA, Cañon Palmas, Cañon del Sainz, 22100 Tijuana, B.C., Mexico",+52 664 969 8383
Madre Mia Restaurante,"Blvd. Gustavo Díaz Ordaz 17261-Local 3 y 4, Jardines de La Mesa, 22126 Tijuana, B.C., Mexico",+52 664 912 7523
Parque Industrial Los Pinos,"Av. Vía Rápida Pte. 15155, Niños Heroes Este, 22644 Tijuana, B.C., Mexico",+52 664 638 2109
MOTEL La Querencia,"C. Tecate 300, Río Tijuana 3a. Etapa, Rio Tijuana 3ra Etapa, 22226 Tijuana, B.C., Mexico",+52 664 905 2034
Menuderia Los Dos Potrillos,"Av. México Lindo 84, Mexico Lindo, 22126 Tijuana, B.C., Mexico",+52 664 660 8179
YMCA Tijuana 2000,"Bv. Manuel Contreras 9844, Jardines de La Mesa, 22126 Tijuana, B.C., Mexico",+52 664 254 9224
Yonke el Tio Tijuana,"Blvr. Simón Bolívar 9033-C, Libramiento, 22226 Tijuana, B.C., Mexico",+52 664 102 3717
Villas Del Alcazar Residencial Condominio B,"Esperanza 17520, Fracc. Villas Del Alcazar, 22123 Tijuana, B.C., Mexico",+52 664 581 1573
BD. Alaris,"alaris, 22244 Tijuana, B.C., Mexico",+52 664 790 5915
Kinder Hacienda Casa Grande,"Chenku, Fraccionamiento Casa Grande, Paseos del Florido Calif, 22244 Tijuana, B.C., Mexico",+52 664 199 0593
Plaza Virreyes El Florido,"Blvd Josefa Ortiz de Dominguez, El Florido 24022, El Florido 1ra y 2da Secc, 22237 Tijuana, B.C., Mexico",+52 664 905 8546
Haemonetics,"Colinas 11731, Parque Industrial El Florido, Secc. Colinas, 22244 Tijuana, B.C., Mexico",+52 664 969 1500
Entre Corazon Y Mar (Pacific Rim Park),"Puente La Joya, 22540 Tijuana, B.C., Mexico",+52 760 765 3427
Azul del rocio,"Puente La Joya, 22540 Tijuana, B.C., Mexico",+52 663 224 9984
Nicamo Guardería,"Libre Tijuana - Ensenada 2002, 22710 Playas de Rosarito, B.C., Mexico",+52 661 613 4230
Surgical Connection,"Km 13-800 Autopista TIJ- ENS 4H, Punta Bandera, 22550 B.C., Mexico",+1 619-397-8959
Mercado Playa Encantada Oxxo,"Carretera Libre Tijuana Ensenada 3114, Playa Encantanda, 22713 B.C., Mexico",+52 661 100 2130
Las Gaviotas Curiosidades,"Carr Tijuana-Ensenada 4150, 22710 Ensenada, B.C., Mexico",+52 661 614 1075
Colonia Todos santos,"Tijuana - Rosarito, Tejamen, 22545 Tijuana, B.C., Mexico",+52 664 581 4276
Abarrotes Fijo,"Col el Olivo, 22545 Roberto Yahuaca, B.C., Mexico",+52 6363824
Iglesia de Dios (Israelita) castillo,"22545 Tijuana, Baja California, Mexico",+52 664 238 7967
Eson Multiwin,"Cto. Aconcagua 2477, Las Cumbres, 22545 Tijuana, B.C., Mexico",+52 664 687 6088
Asilo El Refugio Old Folks,"Cam. del Rancho 4, San Antonio, 22606 Tijuana, B.C., Mexico",+52 664 700 6561
Centro de Salud Cumbres,"Monte Coropuna S/N, Las Cumbres, 22545 Tijuana, B.C., Mexico",+52 664 900 2087
Secundaria 106 Ejército Nacional,"Hermenegildo Galeana 3120, Agustín Melgar 47, Pedregal de Santa Julia, 22604 Tijuana, B.C., Mexico",+52 664 636 3941
Yonke Molina,"22504, Calle venus y estrella, La Cueva, 22504 Tijuana, B.C., Mexico",+52 664 327 6377
Risen Christ Church,"Misión la Paz #7003, Salvatierra, 22150 Tijuana, B.C., Mexico",+52 664 700 1092
Viveica Parque Industrial Pacifico,"Parque Industrial Pacifico IV, Salvatierra, 22643 Tijuana, B.C., Mexico",+52 664 774 2385
Clínica de rehabilitación JIREH Pedregal,"Obregón 10, Cañon De Las Carretas, 22605 Tijuana, B.C., Mexico",+52 664 736 3305
CECSO Celulosa y Corrugados de Sonora,"San Antonio de los Buenos 20303, Valle del Sur 2, Valle del Sur, 22637 Tijuana, B.C., Mexico",+52 664 633 6600
Swap Meet Fundadores,"Periférico y o Libramiento Sur, Cañon de San Antonio, Reacomodo Obras Publicas, 22635 Tijuana, B.C., Mexico",+52 664 493 5868
Soriana obrera,"Oaxaca, 22620 Tijuana, B.C., Mexico",+52 800 220 1234
Cypress Residential,"Libramiento Sur Rosas, Maurilio Magallon, 22620 Tijuana, B.C., Mexico",+52 664 604 4063
Villas Loma Bonita,"Avenida Flores Magón, San Antonio, Loma Bonita Nte., 22604 Tijuana, B.C., Mexico",+52 664 676 8100
Pockets,"Av Nueva Aurora 7226, Nueva Aurora Sur, 22604 Tijuana, B.C., Mexico",+52 664 200 0313
v-nor,"Privada Agua Azul, Loma Bonita Nte., 22604 Tijuana, B.C., Mexico",+52 664 900 8463
28 Batallon de Infanteria,"28 Batallon, Valle del Rubi Secc Terrazas, 22637 Tijuana, B.C., Mexico",+52 664 637 1446
Parroquia María Madre de la Iglesia ( El Rubí ),"Av. Miraflores S/n, El Rubi, 22160 Tijuana, B.C., Mexico",+52 664 637 5078
DAX Pacífico,"Aguaje de la Tuna 2da Secc, 22643 Tijuana, B.C., Mexico",+52 664 622 9116
"ENCAN, Entrenamiento, hospedaje y Estetica canina.","Alameda 21, La Cuesta, Internacional, 22640 Tijuana, B.C., Mexico",+52 664 115 2025
NINO'S PIZZA,"Milton Castellanos 5202, Luisecheverria, 22640 Tijuana, B.C., Mexico",+52 664 635 9170
Ruta Uno Café y Pizza,"Lib. Sur 6237, Jardines de Agua Caliente, 22194 Tijuana, B.C., Mexico",+52 664 977 8473
Secundaria 68 Netzahualcóyotl,"Huemac SN, Emperadores, 22117 Tijuana, B.C., Mexico",+52 664 626 1666
664 saldos,"Boulevard Las Huertas & Calle Mango, Balcon las Huertas, 22116 Tijuana, B.C., Mexico",+52 663 331 3684
Club de Leones Primaria Municipal,"Av. Sonora Sn, Camino Verde, 22000 Tijuana, B.C., Mexico",+52 664 686 8621
Aguachiles el pollo culichi,"Camino Verde, 22190 Tijuana, Baja California, Mexico",+52 664 520 0395
Camino Verde Health Center,"El Mexicano 8410, Camino Verde, 22190 Tijuana, B.C., Mexico",+52 664 650 4155
MEDICAL CLINIC FAMILY DR. LARA,"Blvd. Baja California 783, Camino Verde, 22190 Tijuana, B.C., Mexico",+52 664 898 2985
Swap Meet Siglo XXI,"Blvd. Gustavo Díaz Ordaz 15742, La Joya Este, 22115 Tijuana, B.C., Mexico",+52 664 689 0211
CFE,"Av, Blvrd Federico Benítez López no. 10000, La Cienega Poniente, 22460 Tijuana, B.C., Mexico",+52 664 624 2920
"AVENT, S. DE R.L. DE C.V. PLANTA 2","Noruega 2B, FRACCIONAMIENTO, Rubio, 22180 Tijuana, B.C., Mexico",+52 664 629 1687
ALBANA TIJUANA,"22116, Maurilio Magallon, 22105 Tijuana, B.C., Mexico",+52 664 210 9910
Las Tablas,"P.º del Río 6617, Río Tijuana 3a. Etapa, Rio Tijuana 3ra Etapa, 22226 Tijuana, B.C., Mexico",+52 664 208 7487
Medtronic (Insurgentes),"Av de los Insurgentes 37, Libramiento, 22225 Tijuana, B.C., Mexico",+52 664 627 1100
Escuela Seminario Menor,"Av. del Seminario 20, Col. Cerro Colorado, 22590 Tijuana, B.C., Mexico",+52 664 625 8069
Instituto Bilingüe Emilio Kolbe,"Av de los Insurgentes SN-CGIGANTE, Libramiento, 22225 Tijuana, B.C., Mexico",+52 664 216 0735
Medtronic Tijuana,"Av de los Insurgentes 34, Libramiento, 22226 Tijuana, B.C., Mexico",+52 664 627 1100
Delegación Cerro Colorado,"Canadá 7850, Río Tijuana 3a. Etapa, Libramiento, 22226 Tijuana, B.C., Mexico",+52 664 134 5010
TJ Publicidad,"Los Alpes 8404, Jose Lopez Portillo, 22224 Tijuana, B.C., Mexico",+52 664 694 1013
CBTis 237,"Camino a Mitla y, Ruta Vicente Guerrero S/N, Matamoros Norte-Centro-Sur, Mariano Matamoros, 22500 Tijuana, B.C., Mexico",+52 664 629 8510
Unidad Deportiva Mariano Matamoros,"Matamoros Norte-Centro-Sur, Mariano Matamoros, 22206 Tijuana, B.C., Mexico",+52 664 347 5633
Clínica Columbia,"Mariano Matamoros 10765, Fraccionamiento Popular Mariano, Blvd. Manuel Jesus Clouthier 10879, Matamoros Norte-Centro-Sur, Mariano Matamoros, 22206 Tijuana, B.C., Mexico",+52 664 701 1110
Dalevale decoraciones,"Blvd. Hermenegildo Galeana 22281-G, Matamoros Norte-Centro-Sur, Mariano Matamoros, 22234 Tijuana, B.C., Mexico",+52 664 295 8339
Centro De Salud Mariano Matamoros,"Ruta Mariano Matamoros 9004, Matamoros Norte-Centro-Sur, Mariano Matamoros, 22234 Tijuana, B.C., Mexico",+52 664 971 2249
CLINICA LUNA DE ESPECIALIDADES QUIRURGICAS,"Ruta Mariano Matamoros 8662, Matamoros Norte-Centro-Sur, Mariano Matamoros, 22234 Tijuana, B.C., Mexico",+52 664 978 8218
Oratorio Salesiano San Juan Bosco,"Padre Antonio Torres 22300, Matamoros Norte-Centro-Sur, Mariano Matamoros, 23264 Tijuana, B.C., Mexico",+52 664 629 2150
Oceano 21,"Océano Pacífico 21, Playas de Tijuana, Costa Hermosa, 22506 Tijuana, B.C., Mexico",+52 664 359 1957
Hotel El Indio,"Castellanos 270, Playas de Tijuana, Costa Azul, 22506 Tijuana, B.C., Mexico",+52 664 630 1923
El Meson de Playas,"Moscú 3717, Playas de Tijuana, Costa Azul, 22506 Tijuana, B.C., Mexico",+52 664 382 9724
Kayros Comunidad Cristiana Tijuana,"C. Bruselas 3738, Playas de Tijuana, Costa Azul, 22506 Tijuana, B.C., Mexico",+52 664 630 9510
Nocturno Community,"P.º Ensenada 2033, Playas de Tijuana, Costa Hermosa, 22506 Tijuana, B.C., Mexico",+52 664 973 3452
Salon De Eventos Sociales el Rey Del Mar,"P.º Playas de Tijuana 3571, Playas de Tijuana, Costa Azul, 22506 Tijuana, B.C., Mexico",+52 664 245 6618
Salon Jardín Casa Bella,"Playas de Tijuana, Costa Azul, 22506 Tijuana, B.C., Mexico",+52 664 480 1140
Extra Tiendas Playas De Tijuana,"Fraccionamiento, P.º Playas de Tijuana 2535, Playas de Tijuana, Costa Azul, 22000 Tijuana, B.C., Mexico",+52 664 630 1249
AQUA Residencial,"Del Pacífico 2651, Playas de Tijuana, Costa de Oro, 22506 Tijuana, B.C., Mexico",+52 664 123 0547
Kairi Ramen,"P.º Playas de Tijuana 3211, Playas de Tijuana, Costa Hermosa, 22506 Tijuana, B.C., Mexico",+52 664 891 4728
Kids Salon de Eventos,"P.º del Pedregal 2728, Playas de Tijuana, playas de Tijuana, 22506 Tijuana, B.C., Mexico",+52 663 428 9509
Elementary School Reform Laws,"P.º del Pedregal 2885, Playas de Tijuana, Costa Hermosa, 22506 Tijuana, B.C., Mexico",+52 664 680 6890
Templo Embajadores De Jesús,"Calle Cañon del Alacrán, Av. Divina Providencia 4094, 22000 Tijuana, B.C., Mexico",+52 664 172 3591
Materiales Martinez,"Emiliano Zapata y o José Marías, Albatros, 22515 Tijuana, B.C., Mexico",+52 664 609 1164
Primaria Basilio Badillo,"Francisco I. Madero 33, Anexa Divina Providencia, 22280 Tijuana, B.C., Mexico",+52 664 680 7377
"Parroquia San Judas Tadeo Pedregal Sta. Julia, Tijuana.","Miguel Hidalgo y Costilla 6207, Pedregal de Santa Julia, 22604 Tijuana, B.C., Mexico",+52 664 636 3526
Ready To Go Fashion Inc,"Del Roble 3717, Cd Jardin, 22610 Tijuana, B.C., Mexico",+52 664 179 4040
Gasolinera Chevron,"Nogal No. 3478, El Cortez, 22600 Tijuana, B.C., Mexico",+52 800 736 3900
"Eunime By Tijuana, B.C.","Veracruz 3333, El Cortez, 22600 Tijuana, B.C., Mexico",+52 664 906 5494
Taqueria mis tomateros,"Nogal 5306, Cd Jardin, 22610 Tijuana, B.C., Mexico",+52 664 281 0464
Salon Pedregal Eventos,"Miguel Hidalgo y Costilla, Pedregal de Santa Julia, 22604 Tijuana, B.C., Mexico",+52 664 406 8868
Municipal Pantheon Issue 4,"Av. Lic. J. Inocencio Lugo 3157, 22523 Tijuana, B.C., Mexico",+52 472 133 3051
KYO Altalia 2,"Av. De la Television 10031, Juárez, 22040 Tijuana, B.C., Mexico",+52 664 686 1551
Duck Canyon Park,"Chihuahua, 22620 Tijuana, B.C., Mexico",+52 664 741 4118
Veterinary Clinic Gutierrez,"Av. Maclovio Herrera 3495, Francisco Villa, 22615 Tijuana, B.C., Mexico",+52 664 637 7541
Mexico Fitness Gym,"Samuel Ramos 103, Obrera 1a. Secc., 22625 Tijuana, B.C., Mexico",+52 664 381 9871
Health Center Francisco Villa,"Maclovio Herrera SN, Francisco Villa, 22150 Tijuana, B.C., Mexico",+52 664 637 7004
Auto Swap Meet,"Oaxaca, 22620 Tijuana, B.C., Mexico",+52 664 333 9865
Farmacias Guadalajara Suc. Cuauhtemoc,"Blvd. Cuauhtemoc Sur 3483, Madero Sur, 22046 Tijuana, B.C., Mexico",+52 664 208 7201
Hotel el Jr GT,"Blvd. Cuauhtemoc Sur 78, Lasierra, 22634 Tijuana, B.C., Mexico",+52 664 684 3323
Escuela Secundaria # 3 Belisario Domínguez,"Ópalo S/N, El Rubi, 22626 Tijuana, B.C., Mexico",+52 664 684 5012
CECATI 6 DGCFT,"Blvd. Fundadores No. 2, El Rubi, 22626 Tijuana, B.C., Mexico",+52 664 684 5686
Hotel Flamingos,"22035, Blvd. Cuauhtemoc Sur 5402A, Cañon de la Pedrera, 22634 Tijuana, B.C., Mexico",+52 664 380 1486
CIX Tijuana,"Aguascalientes 12027, Hipodromo, 22020 Tijuana, B.C., Mexico",+52 664 686 5480
Tijuanazo Hipódromo,"Av. Hipódromo 126-Int. B, 9 Section, Hipodromo, 22020 Tijuana, B.C., Mexico",+52 664 681 8208
Tohoku Japanese Cuisine,"Av. Hipódromo 16, Hipodromo, 22014 Tijuana, B.C., Mexico",+52 664 686 3400
Galerías Hipódromo,"Boulevard Agua Caliente C 11999, Hipodromo, 22024 Tijuana, B.C., Mexico",+52 664 681 6885
Plaza Patria Tijuana,"Blvd. Gustavo Díaz Ordaz 12649-2G, segundo piso, El Paraiso, 22106 Tijuana, B.C., Mexico",+52 664 681 4182
Casa Prado,"De las Orquídeas 31, El Prado, 22105 Tijuana, B.C., Mexico",+52 664 973 9330
BIT Center,"Blvd. Gustavo Díaz Ordaz 12415, El Paraiso, 22106 Tijuana, B.C., Mexico",+52 664 380 6017
General High School 67 Leona Vicario,"Amado Nervo, Monte Bello, 22195 Tijuana, B.C., Mexico",+52 664 681 4336
Primor Café,"C. Baburias del Mar 15, Jose Sandoval, 22105 Tijuana, B.C., Mexico",+52 664 976 6778
"Swap Meet Las CARPAS, Carrousel","Gas y Anexas, 22115 Tijuana, B.C., Mexico",+52 664 972 0360
Centro Deportivo Bancario,"Calle Laguna Maynar SN, Fraccionamiento El Lago, Lago Sur, 22550 Tijuana, B.C., Mexico",+52 664 627 2936
Marabu Bar,"Blvd. Cucapah 19822, Puerta del Sol, 22207 Tijuana, B.C., Mexico",+52 664 701 6400
Choux Resposteria Fina,"Av Tecolote 19700, Amp. Guaycura, 22214 Tijuana, B.C., Mexico",+52 664 720 8378
Neptuno Restaurant,"Ruta Independencia 415, Matamoros Norte-Centro-Sur, El Aguila, 22206 Tijuana, B.C., Mexico",+52 664 773 4719
Technical High School 33,"Francisco Javier Mina 12200, Fraccionamiento las Américas, El Aguila, 22500 Tijuana, B.C., Mexico",+52 664 629 4405
Karyocka Mayoreo,"Ruta Mariano Matamoros 7611, Matamoros Norte-Centro-Sur, Mariano Matamoros, 22234 Tijuana, B.C., Mexico",+52 664 294 6237
Senshi-sushi,"Ruta Vicente Guerrero 7902, Centro-Sur, Mariano Matamoros, 22234 Tijuana, B.C., Mexico",+52 664 629 5198
Lady Ventas Tijuana,"Ignacio Aldama, Matamoros Norte-Centro-Sur, Mariano Matamoros, 22206, Matamoros Norte-Centro-Sur, Mariano Matamoros, 22234 Tijuana, B.C., Mexico",+52 664 899 0837
Malvet,"P.º Playas de Tijuana 1343, Playas de Tijuana, Jardines Playas de Tijuana, 22500 Tijuana, B.C., Mexico",+52 664 378 3428
Once Once Restaurante,"C. de la Nieve 257, Playas de Tijuana, Monumental, 22504 Tijuana, B.C., Mexico",+52 664 491 0796
Mercados Emilia,"De Las Nubes No. 1402, Playas de Tijuana, de Tijuana, 22500 Tijuana, B.C., Mexico",+52 664 680 6189
Dr. Rivera Veterinarian,"P.º Ensenada 1336, Playas de Tijuana, Jardines Playas de Tijuana, 22500 Tijuana, B.C., Mexico",+52 664 630 0738
Néktar Coffee,"P.º del Pedregal 1370, Playas de Tijuana, de Tijuana, 22500 Tijuana, B.C., Mexico",+52 664 630 0440
Plaza Coronado,"P.º Ensenada 502, Playas de Tijuana, Playas Coronado, 22504 Tijuana, B.C., Mexico",+52 664 609 9673
"""Escuela de comunicación transcultural""","Lic. Martin Careaga 1894, Los Altos, 22536 Tijuana, B.C., Mexico",+52 962 423 1399
Mercado Mora,"Bahía Constitución 3311, Miramar, 22526 Tijuana, B.C., Mexico",+52 664 680 8714
Granero y Farmacia Miramar,"Bahía de La Paz 1910-Interior C, Miramar, 22526 Tijuana, B.C., Mexico",+52 664 609 1315
Mercado Cárdenas,"Gral. Manuel Ávila Camacho 17, Lazaro Cardenas, 22510 Tijuana, B.C., Mexico",+52 664 680 8147
Supermercado Flash,"Av. Miguel Inclán 2788-int 2, Miramar, 22526 Tijuana, B.C., Mexico",+52 664 680 8859
Lavamatica Jardin,"C. Alamo 2641, Cd Jardin, 22610 Tijuana, B.C., Mexico",+52 664 821 1259
Federal electricity commission,"C. Ensenada 2494, Lomas Delpacifico, 22615 Tijuana, B.C., Mexico",+52 664 637 8511
Autopartes Herrera,"Cachanilla 254, Herrera, 22534 Tijuana, B.C., Mexico",+52 664 680 0453
Xacalli Cocina Mexicana,"Heraclio Bernal 4503, Soler, 22530 Tijuana, B.C., Mexico",+52 664 596 9111
Cuartel General de la 2ª Zona Militar,"Av. Ramos Millán 1875, Morelos, 22056 Tijuana, B.C., Mexico",+52 664 638 2018
Radioimagen Médica,"Av. Revolución 1827, Zona Centro, 22000 Tijuana, B.C., Mexico",+52 664 638 5727
MUTUAL CENTER OF ZARAGOZA,"C. Salvador Díaz Mirón 4ta. 7673, Zona Centro, 22000 Tijuana, B.C., Mexico",+52 664 685 8860
The Best Bakery,"Av Constitución 1727, Zona Centro, 22055 Tijuana, B.C., Mexico",+52 664 685 2188
Paseo Chapultepec,"Blvd. Agua Caliente 10387, Neidhart, 22020 Tijuana, B.C., Mexico",+52 664 901 0387
Expedicion De Licencias Y Placas,"Av. Vía Rápida Pte., 20 de Noviembre, 12621 Tijuana, B.C., Mexico",+52 664 622 2278
Otay Mall,"Aeropuerto 1900, C.Comercial Otay, Nueva Tijuana, 22435 Tijuana, B.C., Mexico",+52 664 647 0565
Residencial Villaflores,"Via Rapida Alamar Ote. 16102, Chapultepec Alamar, 22215 Tijuana, B.C., Mexico",+52 664 647 7418
Distribuidora de cosmeticos y mucho mas para la belleza en Tijuana,"22455 Col murua Martínez 22455, Campestre Murua, 22455 Tijuana, B.C., Mexico",+52 664 170 4647
Once once restaurante el lago,"Av. Paseo del Lago 19603, El Lago, 22210 Tijuana, B.C., Mexico",+52 664 877 6843
Condominios San Luis,"Av. los Mochis 3751, Campestre Murua, 22455 Tijuana, B.C., Mexico",+52 664 647 7862
XCALIBUR GYM,"Av. Paseo del Lago 19507, Lago Sur, 22210 Tijuana, B.C., Mexico",+52 664 978 6222
Shakti Spa + Bienestar,"Av. Paseo del Lago 19621-Local 1, El Lago, 22210 Tijuana, B.C., Mexico",+52 664 756 6084
"Chicharrones de cachete ""Los de Otay Vista""","Av. los Mochis 15035, Campestre Murua, 22455 Tijuana, B.C., Mexico",+52 664 121 7943
KENMEX,"C. 9 Sur 1113, Cd Industrial, 22444 Tijuana, B.C., Mexico",+52 664 623 4200
Hillrom (Welch Allyn Tijuana),"Calle Emilio Flores #2471-A, Col, Cañón del Padre, 22203 Tijuana, B.C., Mexico",+52 664 211 6910
XB fulfillment Planta 3,"Camino Vecinal, parque industrial RMSG, Vía Rápida Alamar Sur 20652-interior 1e, Murua Oriente, 22465 Tijuana, B.C., Mexico",+52 664 302 6285
Hyson assemblies Otay,"Industrial 333, Cd Industrial, 22500 Tijuana, B.C., Mexico",+52 664 973 4344
Hotel Cucapa,"Privada, Medio Camino 19669, Loma Bonita, 22200 Tijuana, B.C., Mexico",+52 664 661 0277
Amazon TIJ1,"Camino Vecinal 20652, Murua Oriente, 22203 Tijuana, B.C., Mexico",+52 664 605 5674
Prime Wheel Mexico Planta 1,"Exportadores 118, Cd Industrial, 22444 Tijuana, B.C., Mexico",+52 664 751 6235
Safariland S.A. DeC.V.,"Vía Rápida Alamar Sur 23, Cañón del Padre, 22203 Tijuana, B.C., Mexico",+52 664 134 4724
CHAMORROS TIJUANA,"Tule 4307, Jardin Dorado, 22200 Tijuana, B.C., Mexico",+52 664 214 6805
Gimnasio Extreme Baja Fitness,"plaza del paseo Col, Blvd. Cucapah 21884, Lomas del Matamoros, 22206 Tijuana, B.C., Mexico",+52 664 978 9346
Mariscos Arcos Playas,"Av Del Pacifico 347, Costa, 22504 Tijuana, B.C., Mexico",+52 664 570 7094
Jarritos Felix,"C. 38 Sur 4015, Playas de Tijuana, Huertas 5ta Secc, 22464 Tijuana, B.C., Mexico",+52 664 693 6694
La Cerve Del Mar,"Av Del Pacifico 445, Playas de Tijuana, Monumental, 22208 Tijuana, B.C., Mexico",+52 664 204 9304
Gasolinera Pemex,"P.º Playas de Tijuana # 378, Playas de Tijuana, Playas De Tijuana, 22430 Tijuana, B.C., Mexico",+52 800 736 3900
La Molleteria,"Av Del Pacifico 653, Playas de Tijuana, Jardines Playas de Tijuana, 22504 Tijuana, B.C., Mexico",+52 664 479 4722
TacoNazo,"P.º Ensenada 712, Playas de Tijuana, Jardines Playas de Tijuana, 22500 Tijuana, B.C., Mexico",+52 664 609 9183
TECNOCELL,"Calle Gral. Rafael Buelna 4011, Mision del Sol, 22530 Tijuana, B.C., Mexico",+52 664 616 6043
Soler 18,"Art. 27 501, Mision del Sol, 22530 Tijuana, B.C., Mexico",+52 33 3815 4262
La Lola Restaurante,"Mar Hudson 5710, Alemán, 22050 Tijuana, B.C., Mexico",+52 664 736 8845
Mora Market,"Braulio Maldonado 680, Soler, 22530 Tijuana, B.C., Mexico",+52 664 609 2940
Hotel Villas de Santiago Inn,"Carretera Escenica Tijuana-Ensenada 820 Lomas, Mision del Sol, 22530 Tijuana, B.C., Mexico",+52 664 630 4472
Carl's Jr.,"C. Culiacan 4886, Soler, 22530 Tijuana, B.C., Mexico",+52 800 732 2757
Women Square,"C. Benito Juárez 2da 7971, Zona Centro, 22000 Tijuana, B.C., Mexico",+52 664 615 6712
"Easy Park, Tijuana B C","Av de la Amistad 250, Zona Urbana Rio Tijuana, 22010 Tijuana, B.C., Mexico",+52 664 607 3779
Town Hall Of Tijuana,"Blvd. Independencia 1350, Zona Urbana Rio Tijuana, 22010 Tijuana, B.C., Mexico",+52 664 973 7000
Sancochi Chicharroneria,"Calle Doce 11502-3 12 Y 13, parte baja, Libertad, 22400 Tijuana, B.C., Mexico",+52 664 932 0335
Torre Norte 2,"Fray Servando Teresa de Mier 1351, Zona Urbana Rio Tijuana, 22010 Tijuana, B.C., Mexico",+52 664 517 7970
El Antojo Otay,"Alhóndiga de Granaditas 1833-interior 16, Tomas Aquino, 22414 Tijuana, B.C., Mexico",+52 664 676 6900
Bodegakoko,"Libertad, 22400 Tijuana, Baja California, Mexico",+52 664 120 2038
Teatro Cala-Fórnix,"Cuauhtémoc, Tomas Aquino, Mesa de Otay, 22414 Tijuana, B.C., Mexico",+52 646 141 7896
Colonia Libertad Tijuana,"C. Diego Rivera, Libertad, 22400 Tijuana, B.C., Mexico",+52 663 314 1890
Churros Rellenos Estilo Jalisco,"C. Dieciseis 485, Libertad, 22400 Tijuana, B.C., Mexico",+52 664 573 5893
Los Muñecos Cenaduria -Oficial,"Ejército Nacional 98_9, Tomas Aquino, 22414 Tijuana, B.C., Mexico",+52 664 525 2656
Hotel Aeropuerto Tijuana,"Carr. Aeropuerto 526, Aeropuerto, 22400 Tijuana, B.C., Mexico",+52 664 976 8855
Tijuana Airport Bridge Crossing,"2745 Otay Pacific Dr, San Diego, CA 92154, USA",+52 714 403 7070
Plaza Americana Otay,"Calz del Tecnológico 2100, La Pechuga, 22457 Tijuana, B.C., Mexico",+52 664 623 8143
CETis 58,"Blvd. Industrial y Calzada López Portillo, Blvd. Industrial s/n, Mesa de Otay, 22435 Tijuana, B.C., Mexico",+52 664 623 3771
Centro de Bachillerato Tecnológico Industrial y de Servicio No. 116,"Av. Alejandro Von Humboldt Sn, Nueva Tijuana, 22435 Tijuana, B.C., Mexico",+52 664 623 3770
Merit,"Calle, Sor Juana Inés de la Cruz 19970-B, Roberto de la Madrid, 22630 Tijuana, B.C., Mexico",+52 664 134 0500
Issste Otay,"Felipe Villanueva 247, Nueva Tijuana, 22435 Tijuana, B.C., Mexico",+52 664 979 0468
Plaza Dorada,"Blvd. Alberto Limón Padilla, Otay Galerias, 22436 Tijuana, B.C., Mexico",+52 664 979 0182
Plaza Santa Anita,"Av. Olivos 1621, Las Torres Parte Baja, 22470 Tijuana, B.C., Mexico",+52 664 585 2469
Turbotec,"Av. Chilpancingo 1361, Parque Industrial Chilpancingo, 22446 Tijuana, B.C., Mexico",+52 664 647 4100
Castores Paqueteria Ocurre,"C. 11 Nte. No. 717, Cd Industrial, 22500 Tijuana, B.C., Mexico",+52 800 227 8070
Ontex,"C. 12 Nte. 105, Cd Industrial, 22446 Tijuana, B.C., Mexico",+52 664 624 2500
Mission Foods de Mexico,"Prologis Park B.C, Alamar Nte., Residencial, 22470 Tijuana, B.C., Mexico",+52 664 973 7430 ext. 7910
Hotel aqua,"Cañón del Padre, 22203 Tijuana, B.C., Mexico",+52 664 661 3737
ROBERTS ENTERPRISES,"Blvd. de las Bellas Artes 20485, Cd Industrial, 22444 Tijuana, B.C., Mexico",+52 55 4161 3115
Las Olas Properties,"1550 Seacoast Dr, Imperial Beach, CA 91932, USA",+1 619-993-0776
Apex Roofing,"1451 5th St, Imperial Beach, CA 91932, USA",+1 619-575-6690
Audio Video Solutions,"1470 California St, Imperial Beach, CA 91932, USA",+1 619-813-0519
VictOriaOnShop,"1431 California St, Imperial Beach, CA 91932, USA",+1 858-341-5738
San Diego Job Corps,"1325 Iris Ave, Imperial Beach, CA 91932, USA",+1 619-429-8500
Rancho Uribe,"1666 Sunset Ave, San Diego, CA 92154, USA",+1 619-779-1605
Neighbors Market,"Neighbors Market, 1497 13th St, Imperial Beach, CA 91932, USA",+1 619-423-8555
Mount Zion Church * Iglesia Monte de Sion,"1402 Hemlock Ave, Imperial Beach, CA 91932, USA",+1 619-253-2194
Rancho La Laguna,"2012 Sunset Ave, San Diego, CA 92154, USA",+1 619-994-2850
Rancho La Palma,"2501 Sunset Ave, San Diego, CA 92154, USA",+1 619-791-5335
Blanco Brothers Ranch,"2181 Hollister St, San Diego, CA 92154, USA",+1 619-991-0793
Rancho Los Amigos,"2020 Hollister St, San Diego, CA 92154, USA",+1 619-575-1015
El Rincon Restaurant,"119 W San Ysidro Blvd, San Diego, CA 92173, USA",+1 619-207-0079
Beyer Blvd Station,"4035 Beyer Blvd, San Diego, CA 92173, USA",+1 619-557-4555
Deal Hunterz,"175 Virginia Ave, San Ysidro, CA 92173, USA",+1 619-500-5666
El Corre Caminos,"660 E San Ysidro Blvd, San Ysidro, CA 92173, USA",+1 619-662-1013
"Cooper's ,General Dynamics","7603 St Andrews Ave, San Diego, CA 92154, USA",+1 619-671-5400
Bodega Otay CMI,"C. 12 Nte. LB, Chilpancingo, 22446 Tijuana, B.C., Mexico",+52 664 210 7883
Hyundai Glovis Yard,"7383 Paseo De La Fuente, San Diego, CA 92154, USA",+1 619-788-6741
Super Mercado La Frontera,"Xicoténcatl, Nido de las Aguilas, 22473 Tijuana, B.C., Mexico",+52 664 645 5537
Partes y Refacciones del Valle,"20297 Huaicura, Buenos Aires, 22200 Tijuana, B.C., Mexico",+52 664 975 5994
Escuela Primaria Vasco De Quiroga,"Coromuel 458, Las Torres, 22470 Tijuana, B.C., Mexico",+52 664 645 4610
Abarrotes La Compañia,"Francisco Villa 1444, Las Torres, 22470 Tijuana, B.C., Mexico",+52 663 209 1386
Jardin de Niños Diego Rivera y Antonio Caso.,"Corumuel SN, Alta, 22470 Tijuana, B.C., Mexico",+52 664 661 3030
Events Garden Party,"Patola 22705, Las Torres, 22470 Tijuana, B.C., Mexico",+52 664 363 6912
PANADERÍA EMMANUEL,"Buenos Aires 21428, Las Torres, 22470 Tijuana, B.C., Mexico",+52 664 861 8578
ESC. JUAN SARABIA,"Del Pirul & Niños Heroes, Nido de las Aguilas, 22473 Tijuana, B.C., Mexico",+52 664 382 6310
Ferretería El Ranchito,"Durango, Granjas Familiares División del Nte., 22473 Tijuana, B.C., Mexico",+52 664 868 5046
Cafecito On Palm,"1550 Palm Ave, San Diego, CA 92154, USA",+1 619-754-0158
Palm Avenue Station,"2340 Palm Ave, San Diego, CA 92154, USA",+1 619-557-4555
Armando's Mexican Food,"2295 Palm Ave, San Diego, CA 92154, USA",+1 619-424-3291
Paradise Buffet,"930 Dennery Rd, San Diego, CA 92154, USA",+1 619-359-3198
A Atlas Auto Recycling 2,"935 Heritage Rd, San Diego, CA 92154, USA",+1 619-661-1410
Erlene's Family Style Cuisine,"5222 Topsail Dr, San Diego, CA 92154, USA",+1 619-316-4344
905 Smog Brake & Lamp Inspection,"6960 Camino Maquiladora G, San Diego, CA 92154, USA",+1 619-748-2310
DAF Solutions LLC,"8070 St Andrews Ave suite 108 109, San Diego, CA 92154, USA",+52 664 262 4556
125 NB Toll Booth,"San Diego, CA 92154, USA",+1 619-661-7070
Food truck,"1518 Lancaster Point Way, San Diego, CA 92154, USA",+1 619-550-6516
George F Bailey Detention,"446 Alta Rd #5300, San Diego, CA 92158, USA",+1 619-210-0385
R J Donovan Correction Facility: Armstrong Carol W MD,"480 Alta Rd, San Diego, CA 92179, USA",+1 619-661-6500
Gallegos Road Service and Tire Repair,"7210 Otay Mesa Rd Suite # 4, San Diego, CA 92154, USA",+1 619-628-6144
Quick Auto Wrecking,"552 Alta Rd #4, San Diego, CA 92154, USA",+1 619-974-8737
Netos Parking,"552 Alta Rd suite 9b, San Diego, CA 92154, USA",+1 619-646-0333
Donovan's Cafe,"480 Alta Rd, San Diego, CA 92179, USA",+1 619-661-6061
JG Company Inc. Gallegos,"7210 Otay Mesa Rd Suite 4, San Diego, CA 92154, USA",+1 619-628-6144
West Coast Lumber,"465 Alta Rd, San Diego, CA 92179, USA",+1 619-436-1490
T.R Recycling LLC,"531 Alta Rd #2, San Diego, CA 92154, USA",+1 619-372-5827
